ID,Original platform,Original name,Result,Final platform,Final name,Changed fields,Notes,Sources
a121e247-83e3-45eb-8a72-c427b95ef9d4,Squarespace,Crumb,Verified unchanged,Squarespace,Crumb,,"Name, purpose, category, domain scope, retention and wildcard checked against the cited source.",https://support.squarespace.com/hc/en-us/articles/360001264507-The-cookies-Squarespace-uses
2f192f8d-0a97-4da6-bfa4-8eb2a5a32fd8,Squarespace,siteUserCrumb,Verified unchanged,Squarespace,siteUserCrumb,,"Name, purpose, category, domain scope, retention and wildcard checked against the cited source.",https://support.squarespace.com/hc/en-us/articles/360001264507-The-cookies-Squarespace-uses
2a8c3bd0-931b-4097-908d-562a1612a357,Squarespace,_ssid,Verified unchanged,Squarespace,_ssid,,"Name, purpose, category, domain scope, retention and wildcard checked against the cited source.",https://support.squarespace.com/hc/en-us/articles/360001264507-The-cookies-Squarespace-uses
2b35fd14-86ab-4208-af52-263ff3976502,Squarespace,SiteUserInfo,Verified unchanged,Squarespace,SiteUserInfo,,"Name, purpose, category, domain scope, retention and wildcard checked against the cited source.",https://support.squarespace.com/hc/en-us/articles/360001264507-The-cookies-Squarespace-uses
9c24ef46-5521-4beb-a338-528c14bc713b,Squarespace,SiteUserSecureAuthToken,Verified unchanged,Squarespace,SiteUserSecureAuthToken,,"Name, purpose, category, domain scope, retention and wildcard checked against the cited source.",https://support.squarespace.com/hc/en-us/articles/360001264507-The-cookies-Squarespace-uses
f844c101-32f2-4ef5-b72b-d43e56d3793f,Squarespace,CART,Verified unchanged,Squarespace,CART,,"Name, purpose, category, domain scope, retention and wildcard checked against the cited source.",https://support.squarespace.com/hc/en-us/articles/360001264507-The-cookies-Squarespace-uses
64b51604-c72a-435e-87ec-54d40f30d146,Squarespace,hasCart,Corrected,Squarespace,hasCart,Description,Remove an undocumented implementation detail.,https://support.squarespace.com/hc/en-us/articles/360001264507-The-cookies-Squarespace-uses
e138f10a-e9ec-4212-a835-f11f40b34e47,Squarespace,CHECKOUT_WEBSITE,Verified unchanged,Squarespace,CHECKOUT_WEBSITE,,"Name, purpose, category, domain scope, retention and wildcard checked against the cited source.",https://support.squarespace.com/hc/en-us/articles/360001264507-The-cookies-Squarespace-uses
dc55c208-7668-463d-94bc-bd3b6d09296d,Squarespace,Commerce-checkout-state,Corrected,Squarespace,Commerce-checkout-state,Description,Vendor identifies this as sessionStorage.,https://support.squarespace.com/hc/en-us/articles/360001264507-The-cookies-Squarespace-uses
f4832fb9-3f95-461b-9294-89697a9758b9,Squarespace,orderStatusSessionToken,Verified unchanged,Squarespace,orderStatusSessionToken,,"Name, purpose, category, domain scope, retention and wildcard checked against the cited source.",https://support.squarespace.com/hc/en-us/articles/360001264507-The-cookies-Squarespace-uses
e7660c28-fbf5-4bba-bcb5-139fc9dd5e88,Squarespace,Locked,Verified unchanged,Squarespace,Locked,,"Name, purpose, category, domain scope, retention and wildcard checked against the cited source.",https://support.squarespace.com/hc/en-us/articles/360001264507-The-cookies-Squarespace-uses
8ef9ec5d-fdd8-4d83-ab67-564f47b1909c,Squarespace,RecentRedirect,Verified unchanged,Squarespace,RecentRedirect,,"Name, purpose, category, domain scope, retention and wildcard checked against the cited source.",https://support.squarespace.com/hc/en-us/articles/360001264507-The-cookies-Squarespace-uses
f16549c6-3681-4ca2-afd4-2dc4a08f098d,Squarespace,squarespace-announcement-bar,Corrected,Squarespace,squarespace-announcement-bar,Description,Identify localStorage rather than an HTTP cookie.,https://support.squarespace.com/hc/en-us/articles/360001264507-The-cookies-Squarespace-uses
08c16eb9-c257-414b-8035-be952ac8624a,Squarespace,squarespace-popup-overlay,Corrected,Squarespace,squarespace-popup-overlay,Description,Identify localStorage rather than an HTTP cookie.,https://support.squarespace.com/hc/en-us/articles/360001264507-The-cookies-Squarespace-uses
5d37cce3-ba92-4f54-8743-47ace5a91e3d,Squarespace,squarespace-likes,Corrected,Squarespace,squarespace-likes,Description,Identify localStorage rather than an HTTP cookie.,https://support.squarespace.com/hc/en-us/articles/360001264507-The-cookies-Squarespace-uses
7062918e-9003-4c6d-854d-bee8fab18b79,Squarespace,ss_sd,Verified unchanged,Squarespace,ss_sd,,"Name, purpose, category, domain scope, retention and wildcard checked against the cited source.",https://support.squarespace.com/hc/en-us/articles/360001264507-The-cookies-Squarespace-uses
7bfd7b44-8610-42fe-baf5-c62e2438d8eb,Squarespace,Test,Verified unchanged,Squarespace,Test,,"Name, purpose, category, domain scope, retention and wildcard checked against the cited source.",https://support.squarespace.com/hc/en-us/articles/360001264507-The-cookies-Squarespace-uses
95a8876a-216d-41b9-be39-4ec8d267454f,Squarespace,ss_performancecookiesAllowed,Verified unchanged,Squarespace,ss_performancecookiesAllowed,,"Name, purpose, category, domain scope, retention and wildcard checked against the cited source.",https://support.squarespace.com/hc/en-us/articles/360001264507-The-cookies-Squarespace-uses
ba32c322-47b1-4843-82e9-036daa3fd984,Squarespace,ss_marketingcookiesAllowed,Verified unchanged,Squarespace,ss_marketingcookiesAllowed,,"Name, purpose, category, domain scope, retention and wildcard checked against the cited source.",https://support.squarespace.com/hc/en-us/articles/360001264507-The-cookies-Squarespace-uses
9698c45d-5065-4287-944e-67da187eda02,Squarespace,squarespace-video-player-options,Corrected,Squarespace,squarespace-video-player-options,Description,Identify localStorage rather than an HTTP cookie.,https://support.squarespace.com/hc/en-us/articles/360001264507-The-cookies-Squarespace-uses
c52c28ba-54cd-4c76-87c4-a9b3d4e23837,Squarespace,ss_cid,Verified unchanged,Squarespace,ss_cid,,"Name, purpose, category, domain scope, retention and wildcard checked against the cited source.",https://support.squarespace.com/hc/en-us/articles/360001264507-The-cookies-Squarespace-uses
307ee7de-8487-4f89-9eaa-03437ea0370a,Squarespace,ss_cpvisit,Verified unchanged,Squarespace,ss_cpvisit,,"Name, purpose, category, domain scope, retention and wildcard checked against the cited source.",https://support.squarespace.com/hc/en-us/articles/360001264507-The-cookies-Squarespace-uses
af959b9a-f727-4346-b4de-a2d41d19258d,Squarespace,ss_cvr,Verified unchanged,Squarespace,ss_cvr,,"Name, purpose, category, domain scope, retention and wildcard checked against the cited source.",https://support.squarespace.com/hc/en-us/articles/360001264507-The-cookies-Squarespace-uses
810455ed-422e-426f-97f5-b40cdb4b62e3,Squarespace,ss_cvisit,Verified unchanged,Squarespace,ss_cvisit,,"Name, purpose, category, domain scope, retention and wildcard checked against the cited source.",https://support.squarespace.com/hc/en-us/articles/360001264507-The-cookies-Squarespace-uses
5fdd4239-2f71-411c-8720-094a0327845d,Squarespace,ss_cvt,Verified unchanged,Squarespace,ss_cvt,,"Name, purpose, category, domain scope, retention and wildcard checked against the cited source.",https://support.squarespace.com/hc/en-us/articles/360001264507-The-cookies-Squarespace-uses
c631b5f5-0dbd-4a74-abc8-ac58198a99e3,Acuity Scheduling,_acloggedin,Corrected,Acuity Scheduling,_acloggedin,Retention period,"Vendor lists the fixed date January 1, 2025; this is not evidence of a current persistent lifetime.",https://support.squarespace.com/hc/en-us/articles/360001264507-The-cookies-Squarespace-uses
d29ad218-b62e-4d57-bcbb-bf12bbf63f38,Acuity Scheduling,_client_acloggedin,Corrected,Acuity Scheduling,_client_acloggedin,Retention period,"Vendor lists the fixed date January 1, 2025; this is not evidence of a current persistent lifetime.",https://support.squarespace.com/hc/en-us/articles/360001264507-The-cookies-Squarespace-uses
652898b7-1ed4-4dc4-a264-8b1075026924,Acuity Scheduling,ACUITY_CART,Corrected,Acuity Scheduling,ACUITY_CART,Description,Vendor identifies this as localStorage with no expiration.,https://support.squarespace.com/hc/en-us/articles/360001264507-The-cookies-Squarespace-uses
73e42724-588b-4463-93f5-3d421ee33cf1,Acuity Scheduling,clientUser,Verified unchanged,Acuity Scheduling,clientUser,,"Name, purpose, category, domain scope, retention and wildcard checked against the cited source.",https://support.squarespace.com/hc/en-us/articles/360001264507-The-cookies-Squarespace-uses
90097e76-f814-4683-84b1-9f6ef2847f94,Acuity Scheduling,client_username,Verified unchanged,Acuity Scheduling,client_username,,"Name, purpose, category, domain scope, retention and wildcard checked against the cited source.",https://support.squarespace.com/hc/en-us/articles/360001264507-The-cookies-Squarespace-uses
0ab0d25a-d206-430d-9f69-c23508378720,Acuity Scheduling,remember_client,Verified unchanged,Acuity Scheduling,remember_client,,"Name, purpose, category, domain scope, retention and wildcard checked against the cited source.",https://support.squarespace.com/hc/en-us/articles/360001264507-The-cookies-Squarespace-uses
f08b0836-8603-4dc9-ac52-d2429003222f,Acuity Scheduling,TZ,Corrected,Acuity Scheduling,TZ,Description,Vendor identifies this as localStorage.,https://support.squarespace.com/hc/en-us/articles/360001264507-The-cookies-Squarespace-uses
1e2fa77b-c75d-4c74-be28-63bc38e5e4a6,Datadog,_dd_s_v2,Corrected,Datadog,_dd_s_v2,Description; Retention period,Distinguish browser cookie retention from RUM session timeout and anonymous-user tracking.,https://docs.datadoghq.com/real_user_monitoring/application_monitoring/browser/troubleshooting/ ; https://docs.datadoghq.com/real_user_monitoring/application_monitoring/browser/advanced_configuration/ ; https://github.com/DataDog/browser-sdk/blob/a46e96e49348afe54f3f770e12aa645c438706d8/packages/browser-core/src/domain/session/storeStrategies/sessionInCookie.ts ; https://github.com/DataDog/browser-sdk/blob/a46e96e49348afe54f3f770e12aa645c438706d8/packages/browser-core/src/domain/session/sessionConstants.ts
f87cc2b9-ea46-42a4-bcfb-f76e87096194,Datadog,_dd_s,Corrected,Datadog,_dd_s,Description; Retention period,Avoid treating every pre-v7 SDK configuration as a one-year cookie.,https://docs.datadoghq.com/real_user_monitoring/application_monitoring/browser/troubleshooting/ ; https://docs.datadoghq.com/real_user_monitoring/application_monitoring/browser/advanced_configuration/ ; https://github.com/DataDog/browser-sdk/blob/a46e96e49348afe54f3f770e12aa645c438706d8/packages/browser-core/src/domain/session/storeStrategies/sessionInCookie.ts ; https://github.com/DataDog/browser-sdk/blob/a46e96e49348afe54f3f770e12aa645c438706d8/packages/browser-core/src/domain/session/sessionConstants.ts
c70b82f2-f76a-46e9-9da6-eb04025161ed,Datadog,_dd_cookie_test,Corrected,Datadog,dd_cookie_test_,Cookie / Data Key name; Description; Retention period; Wildcard match,Use the cookie-support test prefix confirmed in Datadog source.,https://docs.datadoghq.com/real_user_monitoring/application_monitoring/browser/troubleshooting/ ; https://docs.datadoghq.com/real_user_monitoring/application_monitoring/browser/advanced_configuration/ ; https://github.com/DataDog/browser-sdk/blob/a46e96e49348afe54f3f770e12aa645c438706d8/packages/browser-core/src/domain/session/storeStrategies/sessionInCookie.ts ; https://github.com/DataDog/browser-sdk/blob/a46e96e49348afe54f3f770e12aa645c438706d8/packages/browser-core/src/domain/session/sessionConstants.ts ; https://github.com/DataDog/browser-sdk/blob/a46e96e49348afe54f3f770e12aa645c438706d8/packages/browser-core/src/browser/cookieAccess.ts
748eed36-980b-4853-af94-7cfcf5609f2b,Datadog,_dd_site_test,Corrected,Datadog,dd_site_test_,Cookie / Data Key name; Description; Retention period; Wildcard match,Use the domain-test prefix confirmed in Datadog source.,https://docs.datadoghq.com/real_user_monitoring/application_monitoring/browser/troubleshooting/ ; https://docs.datadoghq.com/real_user_monitoring/application_monitoring/browser/advanced_configuration/ ; https://github.com/DataDog/browser-sdk/blob/a46e96e49348afe54f3f770e12aa645c438706d8/packages/browser-core/src/domain/session/storeStrategies/sessionInCookie.ts ; https://github.com/DataDog/browser-sdk/blob/a46e96e49348afe54f3f770e12aa645c438706d8/packages/browser-core/src/domain/session/sessionConstants.ts ; https://github.com/DataDog/browser-sdk/blob/a46e96e49348afe54f3f770e12aa645c438706d8/packages/browser-core/src/browser/cookie.ts
ad6d4482-bb81-42a4-9548-750dfb834e98,Pendo,_pendo_visitorId.,Verified unchanged,Pendo,_pendo_visitorId.,,"Name, purpose, category, domain scope, retention and wildcard checked against the cited source.",https://support.pendo.io/hc/en-us/articles/360041032971-Cookies-and-local-storage
3eafff4c-275e-46e6-9373-235b7bf3beaf,Pendo,_pendo_accountId.,Verified unchanged,Pendo,_pendo_accountId.,,"Name, purpose, category, domain scope, retention and wildcard checked against the cited source.",https://support.pendo.io/hc/en-us/articles/360041032971-Cookies-and-local-storage
bbc5779c-c7a6-42b0-ba1b-5f57da9cb3d7,Pendo,_pendo_meta.,Verified unchanged,Pendo,_pendo_meta.,,"Name, purpose, category, domain scope, retention and wildcard checked against the cited source.",https://support.pendo.io/hc/en-us/articles/360041032971-Cookies-and-local-storage
154d8306-8db3-4ade-983d-2170da2aa7d7,Pendo,_pendo_lastStepAdvanced.,Corrected,Pendo,_pendo_lastStepAdvanced.,Description,Use the shared documented guide-dismissal purpose without inventing distinct behavior.,https://support.pendo.io/hc/en-us/articles/360041032971-Cookies-and-local-storage
31fffa1c-7fb3-4723-a052-aac44bcf43e0,Pendo,_pendo_latestDismissedAutoAt.,Corrected,Pendo,_pendo_latestDismissedAutoAt.,Description,Use the shared documented guide-dismissal purpose without inventing distinct behavior.,https://support.pendo.io/hc/en-us/articles/360041032971-Cookies-and-local-storage
5dbb2bc0-1cd5-48e5-9f4b-3b67c666406e,Pendo,_pendo_finalDismissedAutoAt.,Corrected,Pendo,_pendo_finalDismissedAutoAt.,Description,Use the shared documented guide-dismissal purpose without inventing distinct behavior.,https://support.pendo.io/hc/en-us/articles/360041032971-Cookies-and-local-storage
28fc5876-bf80-4c78-94fd-79b08848a211,Pendo,_pendo_guides_blocked.,Corrected,Pendo,_pendo_guides_blocked.,Description; Retention period,Clarify the documented ad-blocker check and expiration conditions.,https://support.pendo.io/hc/en-us/articles/360041032971-Cookies-and-local-storage
5ff049ae-a7be-42e6-8686-2f4e8cbd99d6,Pendo,_pendo_launcher-closed.,Corrected,Pendo,_pendo_launcher-closed.,Description,Use the documented launcher behavior and avoid identifying it as the Resource Center.,https://support.pendo.io/hc/en-us/articles/360041032971-Cookies-and-local-storage
3e4d0fd4-4162-42b0-8a60-2ab16f7e1fea,Pendo,debug-enabled,Verified unchanged,Pendo,debug-enabled,,"Name, purpose, category, domain scope, retention and wildcard checked against the cited source.",https://support.pendo.io/hc/en-us/articles/360041032971-Cookies-and-local-storage
6217693f-636e-4d2a-8976-ed035478f96d,Pendo,log-enabled,Verified unchanged,Pendo,log-enabled,,"Name, purpose, category, domain scope, retention and wildcard checked against the cited source.",https://support.pendo.io/hc/en-us/articles/360041032971-Cookies-and-local-storage
b2e4bd29-2247-4d5f-81fd-36b36d25e2c4,Pendo,active-contexts,Verified unchanged,Pendo,active-contexts,,"Name, purpose, category, domain scope, retention and wildcard checked against the cited source.",https://support.pendo.io/hc/en-us/articles/360041032971-Cookies-and-local-storage
6cdee964-e86b-435a-a1bf-b9d4299dceac,Mouseflow,mf_user,Removed / consolidated,,,,"Consolidated into the mf_ family entry, including its separate purpose and 90-day lifetime.",https://help.mouseflow.com/en/articles/4282966-what-is-your-cookie-policy
c8bacfb5-3c73-4fb1-90b9-7ceac2acf2d9,Mouseflow,mf_,Corrected,Mouseflow,mf_,Description; Retention period,Consolidate mf_user and mf_<website-id> into one non-overlapping prefix rule.,https://help.mouseflow.com/en/articles/4282966-what-is-your-cookie-policy
eb22efa3-e79e-4941-a56c-34f504dd4819,PostHog,ph_,Verified unchanged,PostHog,ph_,,"Name, purpose, category, domain scope, retention and wildcard checked against the cited source.",https://posthog.com/docs/libraries/js/persistence
fddfc564-505b-4613-9519-f6cf456a161f,Smartlook,SL_C_,Corrected,Smartlook,SL_C_,Description; Retention period; Data Controller; User Privacy & GDPR Rights Portals,"The prefix also matches the temporary _DOMAIN cookie, not just 13-month identifiers. The previous privacy URL redirects to the home page; use the privacy statement linked by Smartlook, which identifies Cisco and its subsidiaries.",https://help.smartlook.com/docs/cookies-smartlook ; https://help.smartlook.com/docs/privacy-statement-full
1a6599b7-e42b-4320-bdf5-2882841071f4,Smartlook,SL_L_,Corrected,Smartlook,SL_L_,Data Controller; User Privacy & GDPR Rights Portals,"The previous privacy URL redirects to the home page; use the privacy statement linked by Smartlook, which identifies Cisco and its subsidiaries.",https://help.smartlook.com/docs/cookies-smartlook ; https://help.smartlook.com/docs/privacy-statement-full
d38ef2ce-2d2f-4e00-9577-cc9618dac3fb,Smartlook,SMARTLOOK_LS_QUEUED_CHUNKS,Corrected,Smartlook,SMARTLOOK_LS_QUEUED_CHUNKS,Description; Retention period; Data Controller; User Privacy & GDPR Rights Portals,"Vendor confirms local storage but does not specify a session-only lifetime. The previous privacy URL redirects to the home page; use the privacy statement linked by Smartlook, which identifies Cisco and its subsidiaries.",https://help.smartlook.com/docs/cookies-smartlook ; https://help.smartlook.com/docs/privacy-statement-full
c805437e-d234-4346-85bf-0054dd24b071,33Across,33x_b,Corrected,33Across,33x_b,Domain,Restore the documented third-party domain.,https://www.linkedin.com/legal/l/cookie-table
54c8afac-fd14-4ca0-9782-22b652970380,Adobe Analytics,gpv_pn,Corrected,Adobe Analytics,gpv_pn,Description; Retention period,"Adobe documents a 30-minute inactivity timeout for getPreviousValue, not six months.",https://www.linkedin.com/legal/l/cookie-table ; https://experienceleague.adobe.com/en/docs/analytics/implementation/vars/plugins/getpreviousvalue ; https://experienceleague.adobe.com/en/docs/analytics/implementation/vars/functions/doplugins
eda57359-3178-4a1f-9c13-27f7f9899eea,Adobe Analytics,s_ips,Corrected,Adobe Analytics,s_ips,Description,Use the documented getPercentPageViewed purpose.,https://www.linkedin.com/legal/l/cookie-table ; https://experienceleague.adobe.com/en/docs/analytics/implementation/vars/plugins/getpercentpageviewed
8363a97f-ef5d-4fb2-b773-c803bfae19b7,Adobe Analytics,s_plt,Corrected,Adobe Analytics,s_plt,Domain,Scope the lifetime taken from LinkedIn's cookie table to that documented deployment.,https://www.linkedin.com/legal/l/cookie-table
507524fd-fcb6-4d55-93ca-44ec88bb3f02,Adobe Analytics,s_pltp,Corrected,Adobe Analytics,s_pltp,Domain,Scope the lifetime taken from LinkedIn's cookie table to that documented deployment.,https://www.linkedin.com/legal/l/cookie-table
4dffeea3-ec33-48ae-bb83-50ff92a1127b,Adobe Analytics,s_tslv,Corrected,Adobe Analytics,s_tslv,Domain; Description,Scope the lifetime taken from LinkedIn's cookie table to that documented deployment. The cookie supports elapsed-time calculation; avoid claiming it stores the elapsed interval itself.,https://www.linkedin.com/legal/l/cookie-table
4fd4d457-bd92-43e3-ac6e-d17df6045212,Adobe Experience Platform,aep-segments-membership,Corrected,Adobe Experience Platform,aep-segments-membership,Retention period,The source does not publish a lifetime.,https://experienceleague.adobe.com/en/docs/commerce-admin/start/compliance/privacy/compliance-cookie-law
68121140-1f76-4a66-9395-44d190104bb3,Adobe Experience Platform,com.adobe.alloy.getTld,Corrected,Adobe Experience Platform,com.adobe.alloy.getTld,Retention period,The source identifies domain detection but does not publish a session lifetime.,https://experienceleague.adobe.com/en/docs/commerce-admin/start/compliance/privacy/compliance-cookie-law
f4797d5d-9e04-4f35-846e-4d224769112b,Akamai,akloc,Corrected,Akamai,akloc,Category,Source describes non-essential location-based content delivery.,https://www.linkedin.com/legal/l/cookie-table
f4b88804-4da6-47bc-8051-46e5e0828209,Amazon CloudFront,cloudfront-key-pair-id,Corrected,Amazon CloudFront,CloudFront-Key-Pair-Id,Cookie / Data Key name; Description; Retention period,Use AWS's case-sensitive cookie name and deployment-configurable lifetime instead of the lower-case integration-table spelling.,https://docs.aws.amazon.com/AmazonCloudFront/latest/DeveloperGuide/private-content-setting-signed-cookie-custom-policy.html
2f201f6d-be76-4937-8f99-c6f6a27f9560,Amazon CloudFront,cloudfront-policy,Corrected,Amazon CloudFront,CloudFront-Policy,Cookie / Data Key name; Description; Retention period,Use AWS's case-sensitive cookie name and deployment-configurable lifetime instead of the lower-case integration-table spelling.,https://docs.aws.amazon.com/AmazonCloudFront/latest/DeveloperGuide/private-content-setting-signed-cookie-custom-policy.html
df5eb7f9-3613-4a7c-982e-67505fa6e35c,Amazon CloudFront,cloudfront-signature,Corrected,Amazon CloudFront,CloudFront-Signature,Cookie / Data Key name; Description; Retention period,Use AWS's case-sensitive cookie name and deployment-configurable lifetime instead of the lower-case integration-table spelling.,https://docs.aws.amazon.com/AmazonCloudFront/latest/DeveloperGuide/private-content-setting-signed-cookie-custom-policy.html
3901f069-cddd-4b66-87f8-7aa530e3fb48,ASP.net,_RequestVerificationToken,Corrected,Microsoft Forms,_RequestVerificationToken,Platform; Domain; Description,Microsoft and LinkedIn both document the single-underscore name. Scope it to Microsoft Forms instead of conflating it with ASP.NET's __RequestVerificationToken.,https://www.linkedin.com/legal/l/cookie-table ; https://www.microsoft.com/en-gb/privacy/privacystatement
2d9b5295-5226-4d06-b969-169d8a3406d9,BigCommerce,authjs.anonymous-session-token,Corrected,BigCommerce,authjs.anonymous-session-token,Description; Data Controller; User Privacy & GDPR Rights Portals,Avoid claiming a particular JWT signing mechanism when the source only specifies a JWT. Use the current Commerce.com privacy notice and provider identity reached from BigCommerce's policy.,https://docs.bigcommerce.com/developer/docs/storefront/catalyst/features/cookies ; https://www.commerce.com/privacy/
c4ab89bf-97af-4609-aaec-651cf322d7e6,BigCommerce,authjs.session-token,Removed / consolidated,,,,Same Auth.js cookie implementation and unspecific first-party scope as the Auth.js entry; retain the library entry once.,https://docs.bigcommerce.com/developer/docs/storefront/catalyst/features/cookies
346e7ad5-e0d7-478a-a833-e846bcc86ff9,BigCommerce,c15t-consent,Corrected,BigCommerce,c15t-consent,Data Controller; User Privacy & GDPR Rights Portals,Use the current Commerce.com privacy notice and provider identity reached from BigCommerce's policy.,https://docs.bigcommerce.com/developer/docs/storefront/catalyst/features/cookies ; https://www.commerce.com/privacy/
7e43d53c-a1c0-4bf8-8925-4b76334fce81,BigCommerce,catalyst.visitId,Corrected,BigCommerce,catalyst.visitId,Data Controller; User Privacy & GDPR Rights Portals,Use the current Commerce.com privacy notice and provider identity reached from BigCommerce's policy.,https://docs.bigcommerce.com/developer/docs/storefront/catalyst/features/cookies ; https://www.commerce.com/privacy/
b1b797d5-c34c-455a-8a5b-a38b5f8f093e,BigCommerce,catalyst.visitorId,Corrected,BigCommerce,catalyst.visitorId,Data Controller; User Privacy & GDPR Rights Portals,Use the current Commerce.com privacy notice and provider identity reached from BigCommerce's policy.,https://docs.bigcommerce.com/developer/docs/storefront/catalyst/features/cookies ; https://www.commerce.com/privacy/
83652cec-75bc-4480-858b-f12fbb6ca65d,BigCommerce,currencyCode,Corrected,BigCommerce,currencyCode,Data Controller; User Privacy & GDPR Rights Portals,Use the current Commerce.com privacy notice and provider identity reached from BigCommerce's policy.,https://docs.bigcommerce.com/developer/docs/storefront/catalyst/features/cookies ; https://www.commerce.com/privacy/
1e9fdbd5-7b26-41a1-b9d8-4033d03b57b4,FreeWheel,_uid,Corrected,FreeWheel,_uid,Domain,Restore the documented third-party domain.,https://www.linkedin.com/legal/l/cookie-table
4fe34e28-9069-4148-add1-a0794259f024,FreeWheel,uid-bp-41393,Removed / consolidated,,,,Already covered by the base database's FreeWheel uid-bp- wildcard on stickyadstv.com.,https://www.linkedin.com/legal/l/cookie-table
aeffbe9b-14c9-47f1-be3d-9dcd9f5e73dc,Gainsight PX,apt.sid,Corrected,Gainsight PX,apt.sid,Retention period; User Privacy & GDPR Rights Portals,Use Gainsight's explicit rolling session expiration. Use Gainsight's verified canonical privacy-policy URL.,https://support.gainsight.com/PX/Install_PX/Install_PX_Web/Analytics_Cookies ; https://www.gainsight.com/policy/privacy/
7bbe4f7c-25fe-4d3e-bc30-b6acc6f084eb,Gainsight PX,apt.uid,Corrected,Gainsight PX,apt.uid,Retention period; User Privacy & GDPR Rights Portals,Use Gainsight's explicit visitor-cookie expiration. Use Gainsight's verified canonical privacy-policy URL.,https://support.gainsight.com/PX/Install_PX/Install_PX_Web/Analytics_Cookies ; https://www.gainsight.com/policy/privacy/
51639651-b0fd-4e3a-8d87-d9703f521385,Google,__Secure-YENID,Corrected,Google,__Secure-YENID,Category; Domain; Description,"Google documents preferences, service diagnostics, abuse prevention and analytics, and specifically identifies __Secure-YEC as its predecessor.",https://policies.google.com/technologies/cookies?hl=en-US ; https://www.linkedin.com/legal/l/cookie-table
61f2b0c5-6076-42b4-b060-58b088e22c14,Google,g_state,Verified unchanged,Google,g_state,,"Name, purpose, category, domain scope, retention and wildcard checked against the cited source.",https://policies.google.com/technologies/cookies?hl=en-US ; https://www.linkedin.com/legal/l/cookie-table
d232f73f-4e56-412e-a74e-72e85a4b6bc6,HubSpot,__hmpl,Corrected,HubSpot,__hmpl,Description; Retention period,"This is session or local storage according to consent, not necessarily a session cookie.",https://knowledge.hubspot.com/privacy-and-consent/what-cookies-does-hubspot-set-in-a-visitor-s-browser
7a9c371e-69f0-45c9-9e82-4a13de2a44aa,HubSpot,__Host-hs-membership-csrf,Verified unchanged,HubSpot,__Host-hs-membership-csrf,,"Name, purpose, category, domain scope, retention and wildcard checked against the cited source.",https://knowledge.hubspot.com/privacy-and-consent/what-cookies-does-hubspot-set-in-a-visitor-s-browser
77dcbc8b-6021-4b31-b52b-87da6897bf01,HubSpot,hs-membership-logout-referer,Corrected,HubSpot,hs-membership-logout-referer,Description; Retention period,Include the documented earlier expiration on login.,https://knowledge.hubspot.com/privacy-and-consent/what-cookies-does-hubspot-set-in-a-visitor-s-browser
d0bd0b58-3182-456f-9d14-0d449a064f4f,HubSpot,hs.superstore.laboratory.,Corrected,HubSpot,hs.superstore.laboratory.,Description; Retention period,"The source says expiration is experiment-specific and often, rather than always, 48 hours.",https://knowledge.hubspot.com/privacy-and-consent/what-cookies-does-hubspot-set-in-a-visitor-s-browser
3c3ece33-97db-4ae0-81eb-cd43e949781b,HubSpot,hublytics_events_53,Corrected,HubSpot,hublytics_events_53,Description; Retention period,"This is session or local storage according to consent, not necessarily a session cookie.",https://knowledge.hubspot.com/privacy-and-consent/what-cookies-does-hubspot-set-in-a-visitor-s-browser
0bad067a-6711-4f0a-b777-ed9b8e739d73,LinkedIn,__ssid,Corrected,Sift,__ssid,Platform; Domain; Description; Data Controller; User Privacy & GDPR Rights Portals,Restore the documented domain so common names are not treated as generic first-party cookies. Correct provider attribution from LinkedIn to Sift. Use the source-supported purpose and product scope.,https://www.linkedin.com/legal/l/cookie-table
bf22ce0b-d431-499a-8d24-9dd109aad3fd,LinkedIn,_cap_profile,Corrected,LinkedIn,_cap_profile,Domain,Restore the documented domain so common names are not treated as generic first-party cookies.,https://www.linkedin.com/legal/l/cookie-table
12dfcb57-26bd-48c2-8fc7-8888e6df1914,LinkedIn,_cb,Corrected,Gainsight,_cb,Platform; Domain; Description; Data Controller; User Privacy & GDPR Rights Portals,Restore the documented domain so common names are not treated as generic first-party cookies. Correct provider attribution from LinkedIn to Gainsight. Use the source-supported purpose and product scope.,https://www.linkedin.com/legal/l/cookie-table
361b9d24-6cef-4f91-8f79-58c6075235ad,LinkedIn,_locale,Corrected,Gainsight,_locale,Platform; Domain; Description; Data Controller; User Privacy & GDPR Rights Portals,Restore the documented domain so common names are not treated as generic first-party cookies. Correct provider attribution from LinkedIn to Gainsight. Use the source-supported purpose and product scope.,https://www.linkedin.com/legal/l/cookie-table
7e7b2ea8-a0e6-4008-a1dd-9d7a04572684,LinkedIn,_s_attr,Corrected,Gainsight,_s_attr,Platform; Domain; Description; Data Controller; User Privacy & GDPR Rights Portals,Restore the documented domain so common names are not treated as generic first-party cookies. Correct provider attribution from LinkedIn to Gainsight. Use the source-supported purpose and product scope.,https://www.linkedin.com/legal/l/cookie-table
5fdc4b64-0270-4b71-9172-e1d972d0740d,LinkedIn,cap_force_desktop,Corrected,LinkedIn,cap_force_desktop,Domain,Restore the documented domain so common names are not treated as generic first-party cookies.,https://www.linkedin.com/legal/l/cookie-table
2e6962b4-1c8a-48be-bbfb-2d07efbce760,LinkedIn,cap_session_id,Corrected,LinkedIn,cap_session_id,Domain; Description,Restore the documented domain so common names are not treated as generic first-party cookies. Use the source-supported purpose and product scope.,https://www.linkedin.com/legal/l/cookie-table
cda0610f-1894-4789-b246-59851cf77ae4,LinkedIn,cp_session,Corrected,Oracle,cp_session,Platform; Domain; Data Controller; User Privacy & GDPR Rights Portals,Restore the documented domain so common names are not treated as generic first-party cookies. Correct provider attribution from LinkedIn to Oracle.,https://www.linkedin.com/legal/l/cookie-table
7984433d-d0e5-46ba-a6dd-da62892993d3,LinkedIn,cv-user-language,Corrected,CVTrust,cv-user-language,Platform; Domain; Description; Data Controller; User Privacy & GDPR Rights Portals,Restore the documented domain so common names are not treated as generic first-party cookies. Correct provider attribution from LinkedIn to CVTrust. Use the source-supported purpose and product scope.,https://www.linkedin.com/legal/l/cookie-table
52c8837e-e7aa-45b3-bef1-38edd2300821,LinkedIn,dfpfpt,Corrected,Microsoft,dfpfpt,Platform; Domain; Description; Data Controller; User Privacy & GDPR Rights Portals,Restore the documented domain so common names are not treated as generic first-party cookies. Correct provider attribution from LinkedIn to Microsoft. Use the source-supported purpose and product scope.,https://www.linkedin.com/legal/l/cookie-table
741b19ee-e20e-4ea7-ab74-58cdfec05437,LinkedIn,edge_gateway,Corrected,LinkedIn,edge_gateway,Domain,Restore the documented domain so common names are not treated as generic first-party cookies.,https://www.linkedin.com/legal/l/cookie-table
d84d66af-e3c5-4f3d-aa70-78794397cf69,LinkedIn,fid,Corrected,LinkedIn,fid,Domain; Description,Restore the documented domain so common names are not treated as generic first-party cookies. Use the source-supported purpose and product scope.,https://www.linkedin.com/legal/l/cookie-table
fb62271c-7604-4361-ad69-1deb2a8b6767,LinkedIn,fptctx2,Corrected,Microsoft,fptctx2,Platform; Domain; Description; Data Controller; User Privacy & GDPR Rights Portals,Restore the documented domain so common names are not treated as generic first-party cookies. Correct provider attribution from LinkedIn to Microsoft. Use the source-supported purpose and product scope.,https://www.linkedin.com/legal/l/cookie-table
4f1135d5-cbef-47fa-9c3c-f5c6223f249e,LinkedIn,JSESSIONID,Corrected,LinkedIn,JSESSIONID,Domain,Restore the documented domain so common names are not treated as generic first-party cookies.,https://www.linkedin.com/legal/l/cookie-table
5ac403fc-d6d0-4a46-93ec-dc6402d7ce97,LinkedIn,lastactivity,Corrected,Gainsight,lastactivity,Platform; Domain; Description; Data Controller; User Privacy & GDPR Rights Portals,Restore the documented domain so common names are not treated as generic first-party cookies. Correct provider attribution from LinkedIn to Gainsight. Use the source-supported purpose and product scope.,https://www.linkedin.com/legal/l/cookie-table
c2f3328e-3746-426d-9035-231ebe7a90f5,LinkedIn,leadgen.api_session,Corrected,LinkedIn,leadgen.api_session,Domain,Restore the documented domain so common names are not treated as generic first-party cookies.,https://www.linkedin.com/legal/l/cookie-table
d193982d-861b-42dc-b1d0-632139562715,LinkedIn,li_at,Corrected,LinkedIn,li_at,Domain,Restore the documented domain so common names are not treated as generic first-party cookies.,https://www.linkedin.com/legal/l/cookie-table
4b10aef8-1174-494a-ba83-ab9d74436926,LinkedIn,li_bapfcc,Corrected,LinkedIn,li_bapfcc,Domain,Restore the documented domain so common names are not treated as generic first-party cookies.,https://www.linkedin.com/legal/l/cookie-table
504daae3-4cd5-4deb-a501-5e81d3129b11,LinkedIn,li_ce,Corrected,LinkedIn,li_ce,Domain,Restore the documented domain so common names are not treated as generic first-party cookies.,https://www.linkedin.com/legal/l/cookie-table
035191d4-82e7-4da9-8c72-fc873613089b,LinkedIn,li_ep_auth-cookie,Corrected,LinkedIn,li_ep_auth-cookie,Domain,Restore the documented domain so common names are not treated as generic first-party cookies.,https://www.linkedin.com/legal/l/cookie-table
f5e385ba-410c-49b9-aece-cb22a6ab007f,LinkedIn,li_er,Corrected,LinkedIn,li_er,Domain,Restore the documented domain so common names are not treated as generic first-party cookies.,https://www.linkedin.com/legal/l/cookie-table
9ea97d81-8185-4d3d-bc3b-8c9fc34a1d01,LinkedIn,li_g_recent_logout,Corrected,LinkedIn,li_g_recent_logout,Domain,Restore the documented domain so common names are not treated as generic first-party cookies.,https://www.linkedin.com/legal/l/cookie-table
6c462961-966f-4a30-baed-b49013226b79,LinkedIn,li_g_view,Corrected,LinkedIn,li_g_view,Domain,Restore the documented domain so common names are not treated as generic first-party cookies.,https://www.linkedin.com/legal/l/cookie-table
c1e6040f-e4a9-4e5c-a8e7-d5ebcf7deeb4,LinkedIn,li_sdui_debug,Corrected,LinkedIn,li_sdui_debug,Domain,Restore the documented domain so common names are not treated as generic first-party cookies.,https://www.linkedin.com/legal/l/cookie-table
4b5bec7e-80a9-4f4f-b636-484efde30a26,LinkedIn,lihc_auth_str,Corrected,LinkedIn,lihc_auth_str,Domain,Restore the documented domain so common names are not treated as generic first-party cookies.,https://www.linkedin.com/legal/l/cookie-table
c2212c96-b482-4f9e-829f-02f70ac44a73,LinkedIn,login_referer,Corrected,LinkedIn,login_referer,Domain,Restore the documented domain so common names are not treated as generic first-party cookies.,https://www.linkedin.com/legal/l/cookie-table
98f606b3-6e13-4272-897d-8acc929bbfca,LinkedIn,logout-event,Corrected,LinkedIn,logout-event,Domain; Description,Restore the documented domain so common names are not treated as generic first-party cookies. Avoid adding undocumented state-clearing behavior.,https://www.linkedin.com/legal/l/cookie-table
21641730-52e7-47cc-99a5-fbd8a6cf321c,LinkedIn,ms_click_id,Corrected,Microsoft,ms_click_id,Platform; Domain; Description; Data Controller; User Privacy & GDPR Rights Portals,Restore the documented domain so common names are not treated as generic first-party cookies. Correct provider attribution from LinkedIn to Microsoft. Use the source-supported purpose and product scope.,https://www.linkedin.com/legal/l/cookie-table
35e2f3de-b14e-473a-835b-166b9fe23607,LinkedIn,new_visit,Corrected,Gainsight,new_visit,Platform; Domain; Description; Data Controller; User Privacy & GDPR Rights Portals,Restore the documented domain so common names are not treated as generic first-party cookies. Correct provider attribution from LinkedIn to Gainsight. Use the source-supported purpose and product scope.,https://www.linkedin.com/legal/l/cookie-table
d752f152-7119-441b-92c3-33cc244a00d3,LinkedIn,redirectedFromIOSApp,Corrected,LinkedIn,redirectedFromIOSApp,Domain,Restore the documented domain so common names are not treated as generic first-party cookies.,https://www.linkedin.com/legal/l/cookie-table
935bbbcd-b178-42ac-8690-4b54b2bb90bf,LinkedIn,remember_me,Corrected,Gainsight,remember_me,Platform; Domain; Description; Data Controller; User Privacy & GDPR Rights Portals,Restore the documented domain so common names are not treated as generic first-party cookies. Correct provider attribution from LinkedIn to Gainsight. Use the source-supported purpose and product scope.,https://www.linkedin.com/legal/l/cookie-table
5f51dcd3-b65d-41a2-ba12-f42543911b8a,LinkedIn,sdui_ver,Corrected,LinkedIn,sdui_ver,Domain,Restore the documented domain so common names are not treated as generic first-party cookies.,https://www.linkedin.com/legal/l/cookie-table
e6d0178a-6522-4a89-ac68-53243d936e02,LinkedIn,shareOfVoiceFeedbackDismissed,Corrected,LinkedIn,shareOfVoiceFeedbackDismissed,Domain; Description,"Restore the documented domain so common names are not treated as generic first-party cookies. Source describes interaction with feedback, not only dismissal.",https://www.linkedin.com/legal/l/cookie-table
130554e3-6bf4-49d0-ab04-4dda5af5b813,LinkedIn,shownNudgeCount,Corrected,LinkedIn,shownNudgeCount,Domain,Restore the documented domain so common names are not treated as generic first-party cookies.,https://www.linkedin.com/legal/l/cookie-table
9237f25d-16b8-4e79-b221-ffe0dd116fe9,LinkedIn,sj_cookiesenabled,Corrected,Skilljar,sj_cookiesenabled,Platform; Domain; Description; Data Controller; User Privacy & GDPR Rights Portals,Restore the documented domain so common names are not treated as generic first-party cookies. Correct provider attribution from LinkedIn to Skilljar. Use the source-supported purpose and product scope.,https://www.linkedin.com/legal/l/cookie-table
c5142fff-9de9-4779-9393-0e2c9e2cf9d9,LinkedIn,sj_csrftoken,Corrected,Skilljar,sj_csrftoken,Platform; Domain; Description; Data Controller; User Privacy & GDPR Rights Portals,Restore the documented domain so common names are not treated as generic first-party cookies. Correct provider attribution from LinkedIn to Skilljar. Use the source-supported purpose and product scope.,https://www.linkedin.com/legal/l/cookie-table
d3a26f8a-1ea2-4ea8-a0ab-efda815f7f8b,LinkedIn,sj_lp,Corrected,Skilljar,sj_lp,Platform; Domain; Description; Data Controller; User Privacy & GDPR Rights Portals,Restore the documented domain so common names are not treated as generic first-party cookies. Correct provider attribution from LinkedIn to Skilljar. Use the source-supported purpose and product scope.,https://www.linkedin.com/legal/l/cookie-table
92d8205d-f94a-43c0-9ab9-3a07790cce46,LinkedIn,sj_sessionid,Corrected,Skilljar,sj_sessionid,Platform; Domain; Description; Data Controller; User Privacy & GDPR Rights Portals,Restore the documented domain so common names are not treated as generic first-party cookies. Correct provider attribution from LinkedIn to Skilljar. Use the source-supported purpose and product scope.,https://www.linkedin.com/legal/l/cookie-table
0f578f15-1480-4824-99a1-30bfeabc2beb,LinkedIn,sj_ubid,Corrected,Skilljar,sj_ubid,Platform; Domain; Description; Data Controller; User Privacy & GDPR Rights Portals,Restore the documented domain so common names are not treated as generic first-party cookies. Correct provider attribution from LinkedIn to Skilljar. Use the source-supported purpose and product scope.,https://www.linkedin.com/legal/l/cookie-table
22bc471f-4f98-4c43-8c24-64bd2b46def4,LinkedIn,t,Corrected,Gainsight,t,Platform; Domain; Description; Data Controller; User Privacy & GDPR Rights Portals,Restore the documented domain so common names are not treated as generic first-party cookies. Correct provider attribution from LinkedIn to Gainsight. Use the source-supported purpose and product scope.,https://www.linkedin.com/legal/l/cookie-table
484dd2d2-4d95-4c81-a838-ff32d4c88f71,LinkedIn,timezone,Corrected,LinkedIn,timezone,Domain,Restore the documented domain so common names are not treated as generic first-party cookies.,https://www.linkedin.com/legal/l/cookie-table
f22eb4f4-4348-4447-8ead-c4a02de33ac0,LinkedIn,topics,Corrected,Gainsight,topics,Platform; Domain; Description; Data Controller; User Privacy & GDPR Rights Portals,Restore the documented domain so common names are not treated as generic first-party cookies. Correct provider attribution from LinkedIn to Gainsight. Use the source-supported purpose and product scope.,https://www.linkedin.com/legal/l/cookie-table
fafb4b29-2100-4c31-8dc4-5bbe9efbb514,LinkedIn,transaction_state,Corrected,LinkedIn,transaction_state,Domain,Restore the documented domain so common names are not treated as generic first-party cookies.,https://www.linkedin.com/legal/l/cookie-table
d2757e34-be33-4713-bf62-e3b89c23a988,LinkedIn,tu,Corrected,Gainsight,tu,Platform; Domain; Description; Data Controller; User Privacy & GDPR Rights Portals,Restore the documented domain so common names are not treated as generic first-party cookies. Correct provider attribution from LinkedIn to Gainsight. Use the source-supported purpose and product scope.,https://www.linkedin.com/legal/l/cookie-table
4895b3c9-a4e8-4163-bcc2-59688ab55de3,LinkedIn,u_tz,Corrected,LinkedIn,u_tz,Domain,Restore the documented domain so common names are not treated as generic first-party cookies.,https://www.linkedin.com/legal/l/cookie-table
855027fc-d180-4b86-ab59-fb5c2a1f0a8f,LinkedIn,visit,Corrected,LinkedIn,visit,Domain,Restore the documented domain so common names are not treated as generic first-party cookies.,https://www.linkedin.com/legal/l/cookie-table
6fbea868-0ece-4da1-94e2-957389415e00,LiteSpeed,_lscache_vary,Corrected,LiteSpeed,_lscache_vary,Description; Retention period; User Privacy & GDPR Rights Portals; Wildcard match,LiteSpeed recognizes this as a prefix and does not prescribe a universal session-only lifetime. Replace developer documentation in the privacy field with LiteSpeed's actual privacy policy.,https://docs.litespeedtech.com/lscache/devguide/advanced/ ; https://www.litespeedtech.com/company/privacy-policy
b6957baa-5e6e-42a7-8d4e-1c19e3d94d0e,Magento,accordion-,Corrected,Magento,accordion-,Description; Retention period,Adobe's cookie reference names the key and purpose but does not specify this lifetime. Do not infer precisely which tab state is stored.,https://experienceleague.adobe.com/en/docs/commerce-admin/start/compliance/privacy/compliance-cookie-law
6931873e-53d2-40ae-b1d4-dd435985f361,Magento,add_to_cart,Corrected,Magento,add_to_cart,Retention period,Adobe's cookie reference names the key and purpose but does not specify this lifetime.,https://experienceleague.adobe.com/en/docs/commerce-admin/start/compliance/privacy/compliance-cookie-law
de4d44e8-bc73-494f-98fb-66d82a990b62,Magento,admin,Corrected,Magento,admin,Retention period,Adobe's cookie reference names the key and purpose but does not specify this lifetime.,https://experienceleague.adobe.com/en/docs/commerce-admin/start/compliance/privacy/compliance-cookie-law
70fff2a6-ffe8-4ea3-ba9d-1449cd6153d2,Magento,authentication_flag,Corrected,Magento,authentication_flag,Category; Retention period,Adobe's cookie reference names the key and purpose but does not specify this lifetime. Classify optional product-recommendation data by its personalization purpose.,https://experienceleague.adobe.com/en/docs/commerce-admin/start/compliance/privacy/compliance-cookie-law
beaf2d46-7e36-40d2-9e00-37e51bb0dbe6,Magento,dataservices_cart_id,Corrected,Magento,dataservices_cart_id,Category; Retention period,Adobe's cookie reference names the key and purpose but does not specify this lifetime. Classify optional product-recommendation data by its personalization purpose.,https://experienceleague.adobe.com/en/docs/commerce-admin/start/compliance/privacy/compliance-cookie-law
ebfd9137-8831-4c8e-a400-e3b614230029,Magento,dataservices_customer_group,Corrected,Magento,dataservices_customer_group,Category; Retention period,Adobe's cookie reference names the key and purpose but does not specify this lifetime. Classify optional product-recommendation data by its personalization purpose.,https://experienceleague.adobe.com/en/docs/commerce-admin/start/compliance/privacy/compliance-cookie-law
544d653c-5ecf-493f-a0ef-b1d68b61fea3,Magento,dataservices_customer_id,Corrected,Magento,dataservices_customer_id,Category; Retention period,Adobe's cookie reference names the key and purpose but does not specify this lifetime. Classify optional product-recommendation data by its personalization purpose.,https://experienceleague.adobe.com/en/docs/commerce-admin/start/compliance/privacy/compliance-cookie-law
dd8f7c8a-064a-4952-8ba7-893f6640651e,Magento,dataservices_product_context,Corrected,Magento,dataservices_product_context,Category; Description; Retention period,Adobe's cookie reference names the key and purpose but does not specify this lifetime. Classify optional product-recommendation data by its personalization purpose. Keep the documented product-interaction purpose without asserting a particular payload structure.,https://experienceleague.adobe.com/en/docs/commerce-admin/start/compliance/privacy/compliance-cookie-law
bdfd8990-7008-4554-ab2c-c1ed902d7e43,Magento,ds-cart,Corrected,Magento,ds-cart,Category,Classify optional product-recommendation data by its personalization purpose.,https://experienceleague.adobe.com/en/docs/commerce-admin/start/compliance/privacy/compliance-cookie-law
4ee2dce0-b073-494b-b495-b8db32ca4667,Magento,ds-cart-order,Corrected,Magento,ds-cart-order,Category,Classify optional product-recommendation data by its personalization purpose.,https://experienceleague.adobe.com/en/docs/commerce-admin/start/compliance/privacy/compliance-cookie-law
12292c6a-559a-46b5-81f1-d17fccc6dc62,Magento,ds-logged-in,Corrected,Magento,ds-logged-in,Category,Classify optional product-recommendation data by its personalization purpose.,https://experienceleague.adobe.com/en/docs/commerce-admin/start/compliance/privacy/compliance-cookie-law
0b918843-8629-47ec-93aa-a0d40b8486c7,Magento,ds-purchase-history,Corrected,Magento,ds-purchase-history,Category,Classify optional product-recommendation data by its personalization purpose.,https://experienceleague.adobe.com/en/docs/commerce-admin/start/compliance/privacy/compliance-cookie-law
81356702-2c6a-4d3e-b002-8b31c8f640bd,Magento,ds-view-history-time-decay,Corrected,Magento,ds-view-history-time-decay,Category,Classify optional product-recommendation data by its personalization purpose.,https://experienceleague.adobe.com/en/docs/commerce-admin/start/compliance/privacy/compliance-cookie-law
2a5d0d0e-7a8a-4d01-bfdf-bc40a4227cf0,Magento,lang,Corrected,Magento,lang,Category; Description; Retention period,Adobe's cookie reference names the key and purpose but does not specify this lifetime. Adobe documents Admin Analytics scope but does not document the inferred interface-language mechanism.,https://experienceleague.adobe.com/en/docs/commerce-admin/start/compliance/privacy/compliance-cookie-law
88c99e92-c80f-4d38-bdc1-05c866a0d600,Magento,loggedOutReasonCode,Corrected,Magento,loggedOutReasonCode,Retention period,Adobe's cookie reference names the key and purpose but does not specify this lifetime.,https://experienceleague.adobe.com/en/docs/commerce-admin/start/compliance/privacy/compliance-cookie-law
648672cc-8dc5-42cc-8414-62286c7ccfeb,Magento,mg,Corrected,Magento,mg,Retention period,Adobe's cookie reference names the key and purpose but does not specify this lifetime.,https://experienceleague.adobe.com/en/docs/commerce-admin/start/compliance/privacy/compliance-cookie-law
85bce8cc-1b47-4400-b8b0-f6beef87b8c5,Magento,mg_dnt,Corrected,Magento,mg_dnt,Retention period,Adobe's cookie reference names the key and purpose but does not specify this lifetime.,https://experienceleague.adobe.com/en/docs/commerce-admin/start/compliance/privacy/compliance-cookie-law
d0f99c93-3b21-42d1-82b4-3fb5a9f70bf9,Magento,pagebuilder_modal_dismissed,Corrected,Magento,pagebuilder_modal_dismissed,Retention period,Adobe's cookie reference names the key and purpose but does not specify this lifetime.,https://experienceleague.adobe.com/en/docs/commerce-admin/start/compliance/privacy/compliance-cookie-law
d7543c49-c114-46ef-8e95-dd5c7ebbb39a,Magento,pagebuilder_template_apply_confirm,Corrected,Magento,pagebuilder_template_apply_confirm,Description; Retention period,"Adobe's cookie reference names the key and purpose but does not specify this lifetime. The documented flag tracks a dismissed confirmation, not an accepted confirmation.",https://experienceleague.adobe.com/en/docs/commerce-admin/start/compliance/privacy/compliance-cookie-law
e897ea84-aae1-4319-b9c5-7b50a045966e,Magento,remove_from_cart,Corrected,Magento,remove_from_cart,Retention period,Adobe's cookie reference names the key and purpose but does not specify this lifetime.,https://experienceleague.adobe.com/en/docs/commerce-admin/start/compliance/privacy/compliance-cookie-law
fc443af1-74ed-40e0-bf6c-9ca86c2824ef,Matomo,_pk_uid,Verified unchanged,Matomo,_pk_uid,,"Name, purpose, category, domain scope, retention and wildcard checked against the cited source.",https://matomo.org/faq/general/faq_146/
88140cff-5039-43f0-8063-07d64d7c2207,Matomo,MatomoAbTesting,Verified unchanged,Matomo,MatomoAbTesting,,"Name, purpose, category, domain scope, retention and wildcard checked against the cited source.",https://matomo.org/faq/general/faq_146/
25f2823f-21e9-45f2-8950-e78872d7916f,Microsoft,ESTSAUTH,Corrected,Microsoft,ESTSAUTH,Description,Use Microsoft Entra's documented SSO purpose.,https://learn.microsoft.com/en-us/entra/identity/authentication/concept-authentication-web-browser-cookies ; https://www.microsoft.com/en-gb/privacy/privacystatement
ab911659-be04-4d68-b08e-6a7c9e1c63d5,Microsoft,ESTSAUTHLIGHT,Corrected,Microsoft,ESTSAUTHLIGHT,Description; Retention period,Microsoft explicitly identifies client-side OIDC sign-out rather than generic sign-in state; a fixed lifetime is not documented.,https://learn.microsoft.com/en-us/entra/identity/authentication/concept-authentication-web-browser-cookies ; https://www.microsoft.com/en-gb/privacy/privacystatement
dc625b68-6c18-4267-a56b-14ef4e54ac4b,Microsoft,ESTSAUTHPERSISTENT,Corrected,Microsoft,ESTSAUTHPERSISTENT,Description,Describe persistence without inferring a specific sign-in choice.,https://learn.microsoft.com/en-us/entra/identity/authentication/concept-authentication-web-browser-cookies ; https://www.microsoft.com/en-gb/privacy/privacystatement
393c4aa7-1bf0-4110-a611-f28b7b6fe933,Microsoft,MSCC,Corrected,Microsoft,MSCC,Retention period,Microsoft's statement documents consent choices but not a one-year lifetime.,https://learn.microsoft.com/en-us/entra/identity/authentication/concept-authentication-web-browser-cookies ; https://www.microsoft.com/en-gb/privacy/privacystatement
ac43d848-4961-4cc0-87be-e000351eaaa8,Microsoft Forms,FormsWebSessionId,Corrected,Microsoft Forms,FormsWebSessionId,Domain,Restore the documented domain.,https://www.linkedin.com/legal/l/cookie-table
fe3be00b-d23b-4966-a84e-268b2dbe33f4,Moodle,MOODLEID_,Corrected,Moodle,MOODLEID1_,Cookie / Data Key name; Description; Retention period,Use the current Moodle remember-username prefix from source.,https://github.com/moodle/moodle/blob/89ae02d0007418c50f0911148137f4cb3bd67f4a/lib/classes/session/manager.php ; https://github.com/moodle/moodle/blob/89ae02d0007418c50f0911148137f4cb3bd67f4a/lib/sessionlib.php
6bc67707-cdb5-4b3e-ab32-756db8929708,Moodle,MoodleSession,Corrected,Moodle,MoodleSession,Description; Wildcard match,Moodle appends a configurable site suffix; consolidate the legacy cookie-support test under the same prefix.,https://github.com/moodle/moodle/blob/89ae02d0007418c50f0911148137f4cb3bd67f4a/lib/classes/session/manager.php ; https://github.com/moodle/moodle/blob/89ae02d0007418c50f0911148137f4cb3bd67f4a/lib/sessionlib.php ; https://github.com/moodle/moodle/blob/572729aaa5b23c087f712e4fe4c43fa5d7cc1853/lib/setup.php
b8adb02a-ced9-4588-af93-5c99e7a5cfd7,Moodle,MoodleSessionTest,Removed / consolidated,,,,"Legacy cookie-support test consolidated into the MoodleSession prefix entry, which preserves both documented purposes.",https://github.com/moodle/moodle/blob/89ae02d0007418c50f0911148137f4cb3bd67f4a/lib/classes/session/manager.php ; https://github.com/moodle/moodle/blob/89ae02d0007418c50f0911148137f4cb3bd67f4a/lib/sessionlib.php ; https://github.com/moodle/moodle/blob/572729aaa5b23c087f712e4fe4c43fa5d7cc1853/lib/setup.php
0ea0fc1b-3f41-43d5-a993-11f5a11855df,Okta,idx,Corrected,Okta,idx,Retention period,The policy and migration guide identify the cookie but do not establish a universal browser-session lifetime.,https://www.okta.com/legal/cookies-policy/ ; https://developer.okta.com/docs/guides/oie-upgrade-sessions-api/main/
f81827d4-4ef8-4812-9e7c-b06923c1b62e,Okta,JSESSIONID,Removed / consolidated,,,,Generic Java application-server session cookie already covered by the existing J2EE JSESSIONID wildcard; the added row supplied no distinct purpose.,https://www.okta.com/legal/cookies-policy/ ; https://developer.okta.com/docs/guides/oie-upgrade-sessions-api/main/
443ec383-936c-497d-9a4b-60c2cecbfd2f,Okta,sid,Corrected,Okta,sid,Retention period,The policy and migration guide identify the cookie but do not establish a universal browser-session lifetime.,https://www.okta.com/legal/cookies-policy/ ; https://developer.okta.com/docs/guides/oie-upgrade-sessions-api/main/ ; https://developer.okta.com/docs/guides/shared-sso-android-ios/ios/main/
4069fb2b-2667-4867-a49c-f834375c1975,PerimeterX,_px,Corrected,PerimeterX,_px,Domain; Description; Retention period,Consolidate overlapping HUMAN cookie names into a single family with explicit per-cookie lifetimes.,https://www.linkedin.com/legal/l/cookie-table
49a9ecdb-c16f-413a-b209-31ad772dd0ed,PerimeterX,_pxde,Removed / consolidated,,,,"Consolidated into the _px prefix entry, preserving the documented purpose and this cookie's lifetime.",https://www.linkedin.com/legal/l/cookie-table
0fc6116b-dcdf-493a-a807-101fa1452ab8,PerimeterX,_pxff_,Removed / consolidated,,,,"Consolidated into the _px prefix entry, preserving the documented purpose and this cookie's lifetime.",https://www.linkedin.com/legal/l/cookie-table
e6bebfd8-aa9c-4b39-8145-5ec588817061,PerimeterX,_pxhd,Removed / consolidated,,,,"Consolidated into the _px prefix entry, preserving the documented purpose and this cookie's lifetime.",https://www.linkedin.com/legal/l/cookie-table
f712cc35-5805-49ba-b213-54490813f4f3,PerimeterX,_pxmvid,Removed / consolidated,,,,"Consolidated into the _px prefix entry, preserving the documented purpose and this cookie's lifetime.",https://www.linkedin.com/legal/l/cookie-table
d349b738-92ea-43b9-95af-514f6fd9fa84,PerimeterX,_pxttld,Removed / consolidated,,,,"Consolidated into the _px prefix entry, preserving the documented purpose and this cookie's lifetime.",https://www.linkedin.com/legal/l/cookie-table
db1a2b44-788b-46b5-800c-0f2655e1f280,PerimeterX,_pxvid,Removed / consolidated,,,,"Consolidated into the _px prefix entry, preserving the documented purpose and this cookie's lifetime.",https://www.linkedin.com/legal/l/cookie-table
1ab13dbd-b10e-41c9-89b8-3afa9bdb5144,PerimeterX,pxcts,Corrected,PerimeterX,pxcts,Domain,Restore the documented third-party domain.,https://www.linkedin.com/legal/l/cookie-table
07d94013-55eb-4c3e-ac0f-ebfe61ea6dd3,PrestaShop,PHPSESSID,Removed / consolidated,,,,Same general-purpose PHP session cookie already present under PHP.net; no distinct behavior or domain was provided.,https://devdocs.prestashop-project.org/9/development/components/cookie/ ; https://github.com/PrestaShop/PrestaShop/blob/e5515d88ead3761a342c72bffb91446ba213ba13/classes/Cookie.php
028ec79c-d5b1-4fca-a949-cfc8a98716b5,PrestaShop,PrestaShop-,Corrected,PrestaShop,PrestaShop-,Description; Retention period,PrestaShop source specifies a default cookie lifetime of 20 days. The suffix is a generated context/domain hash rather than a literal store identifier.,https://devdocs.prestashop-project.org/9/development/components/cookie/ ; https://github.com/PrestaShop/PrestaShop/blob/e5515d88ead3761a342c72bffb91446ba213ba13/classes/Cookie.php
2d101aa2-adec-47a2-ad4f-9c8e2fef1c28,Salesforce,liveagent_chatted,Corrected,Salesforce,liveagent_chatted,Domain; Description,The source documents a shared chat purpose and ten-year lifetime on LinkedIn; individual internal roles were not sourced.,https://www.linkedin.com/legal/l/cookie-table
acfcd80c-4c09-40cf-b68b-4f98a01512bd,Salesforce,liveagent_oref,Corrected,Salesforce,liveagent_oref,Domain; Description,The source documents a shared chat purpose and ten-year lifetime on LinkedIn; individual internal roles were not sourced.,https://www.linkedin.com/legal/l/cookie-table
0b6f6209-130d-4658-a106-9b306ae83c13,Salesforce,liveagent_ptid,Corrected,Salesforce,liveagent_ptid,Domain; Description,The source documents a shared chat purpose and ten-year lifetime on LinkedIn; individual internal roles were not sourced.,https://www.linkedin.com/legal/l/cookie-table
f9e317f3-4e38-4560-aa5b-33cd248bd95f,Salesforce,liveagent_vc,Corrected,Salesforce,liveagent_vc,Domain; Description,The source documents a shared chat purpose and ten-year lifetime on LinkedIn; individual internal roles were not sourced.,https://www.linkedin.com/legal/l/cookie-table
b5b58dda-b255-43a7-852b-7f40a12d79b3,Shopify,__Host-_identity_session_same_site,Verified unchanged,Shopify,__Host-_identity_session_same_site,,"Name, purpose, category, domain scope, retention and wildcard checked against the cited source.",https://www.shopify.com/legal/cookies
d8b57bc5-8a17-4ca2-9c78-d3efd046e9f7,Shopify,__Host-_merchant_essential,Verified unchanged,Shopify,__Host-_merchant_essential,,"Name, purpose, category, domain scope, retention and wildcard checked against the cited source.",https://www.shopify.com/legal/cookies
fc05d82e-1ec0-4c0d-927c-abadf3f5a2f5,Shopify,__Host-shop_binding,Verified unchanged,Shopify,__Host-shop_binding,,"Name, purpose, category, domain scope, retention and wildcard checked against the cited source.",https://www.shopify.com/legal/cookies
e0293628-1662-405d-9b51-d39aca01807d,Shopify,_identity_session,Verified unchanged,Shopify,_identity_session,,"Name, purpose, category, domain scope, retention and wildcard checked against the cited source.",https://www.shopify.com/legal/cookies
47ad8c59-3126-476e-a139-6670469dfa85,Shopify,_master_udr,Corrected,Shopify,_master_udr,Description,Avoid describing a session-expiring cookie as permanently retained.,https://www.shopify.com/legal/cookies
cd7a37b5-b6c4-49f7-8e02-4a04e69b4ce1,Shopify,_merchant_analytics,Verified unchanged,Shopify,_merchant_analytics,,"Name, purpose, category, domain scope, retention and wildcard checked against the cited source.",https://www.shopify.com/legal/cookies
171136f1-d2a1-4716-ad71-86bb292f6b8b,Shopify,_merchant_essential,Verified unchanged,Shopify,_merchant_essential,,"Name, purpose, category, domain scope, retention and wildcard checked against the cited source.",https://www.shopify.com/legal/cookies
e544ad01-581e-4f3c-9f4a-4e70bade6299,Shopify,_secure_admin_session_id,Verified unchanged,Shopify,_secure_admin_session_id,,"Name, purpose, category, domain scope, retention and wildcard checked against the cited source.",https://www.shopify.com/legal/cookies
ee658d85-bed5-4b57-87b3-39cbf69afbf7,Shopify,_secure_admin_session_id_csrf,Verified unchanged,Shopify,_secure_admin_session_id_csrf,,"Name, purpose, category, domain scope, retention and wildcard checked against the cited source.",https://www.shopify.com/legal/cookies
f8fff8e5-a777-46ef-801f-ef0137eb9420,Shopify,_shop_app_analytics,Verified unchanged,Shopify,_shop_app_analytics,,"Name, purpose, category, domain scope, retention and wildcard checked against the cited source.",https://www.shopify.com/legal/cookies
cd9b6268-2162-4a47-86e8-e808956eca74,Shopify,_shop_app_essential,Verified unchanged,Shopify,_shop_app_essential,,"Name, purpose, category, domain scope, retention and wildcard checked against the cited source.",https://www.shopify.com/legal/cookies
d6e1e2ad-3cfa-49b5-926a-8229d592c930,Shopify,_shopify_analytics,Verified unchanged,Shopify,_shopify_analytics,,"Name, purpose, category, domain scope, retention and wildcard checked against the cited source.",https://www.shopify.com/legal/cookies
a52db7ae-bb11-44d8-bd4d-942474b9d4f3,Shopify,_shopify_marketing,Verified unchanged,Shopify,_shopify_marketing,,"Name, purpose, category, domain scope, retention and wildcard checked against the cited source.",https://www.shopify.com/legal/cookies
2b24cbb4-f29c-4989-8d78-13b5de9efcf7,Shopify,_shopify_t,Corrected,Shopify,_shopify_t,Description; Retention period,Shopify lists this cookie's purpose without publishing an individual lifetime. Avoid inferring visit-timing data from the name.,https://www.shopify.com/legal/cookies
a8d837c4-7168-401a-a536-87693418b09c,Shopify,_shopify_test,Verified unchanged,Shopify,_shopify_test,,"Name, purpose, category, domain scope, retention and wildcard checked against the cited source.",https://www.shopify.com/legal/cookies
c7012548-31bb-42c4-8206-5b68327dec91,Shopify,_tinker_essential,Corrected,Shopify,_tinker_essential,Retention period,Shopify lists this cookie's purpose without publishing an individual lifetime.,https://www.shopify.com/legal/cookies
960c1584-2448-4a8a-9fdb-68fb6b7ac59a,Shopify,gdpr_accepted,Corrected,Shopify,gdpr_accepted,Retention period,Shopify lists this cookie's purpose without publishing an individual lifetime.,https://www.shopify.com/legal/cookies
797e7bdd-257a-4361-97a6-6dc397af7148,Shopify,privacy_signal,Verified unchanged,Shopify,privacy_signal,,"Name, purpose, category, domain scope, retention and wildcard checked against the cited source.",https://www.shopify.com/legal/cookies
b5bb935c-74e5-457f-b46b-0979049e5e97,Shopify,shopify_override_user_locale,Verified unchanged,Shopify,shopify_override_user_locale,,"Name, purpose, category, domain scope, retention and wildcard checked against the cited source.",https://www.shopify.com/legal/cookies
b7564221-bfaa-4801-b6c1-5a52f96637a0,Skilljar,auth_content_wp,Corrected,Skilljar,auth_content_wp,Domain; Description,Restore the documented domains and SCORM content purpose.,https://www.linkedin.com/legal/l/cookie-table
5a7871c5-c190-4566-ac66-19eb1831a5e8,Stripe,ab_disable_remember_me,Corrected,Stripe,ab_disable_remember_me,Category; Description,Zendesk identifies a Stripe preference cookie but does not document the inferred disable mechanism.,https://support.zendesk.com/hc/en-us/articles/4408824378650-Zendesk-In-Product-Cookie-Policy
4da0899f-bcca-45a7-bac0-e2e226ba2903,Stripe,cid,Verified unchanged,Stripe,cid,,"Name, purpose, category, domain scope, retention and wildcard checked against the cited source.",https://support.zendesk.com/hc/en-us/articles/4408824378650-Zendesk-In-Product-Cookie-Policy
52478e57-f389-4d49-a0bd-6bc1cfd6dd24,Stripe,lsid,Corrected,Stripe,lsid,Description,Zendesk identifies Stripe functionality but does not document a checkout-state payload.,https://support.zendesk.com/hc/en-us/articles/4408824378650-Zendesk-In-Product-Cookie-Policy
9a5c3e08-5f4c-4baa-bf84-47b849f396f6,Wordfence,wf_loginalerted-,Corrected,Wordfence,wf_loginalerted_,Cookie / Data Key name; Description; Retention period,"The plugin uses an underscore before the hash, and sets a one-year expiration.",https://www.wordfence.com/cookies-notice/ ; https://plugins.svn.wordpress.org/wordfence/trunk/lib/wordfenceClass.php
702cd273-99f1-4f90-84d1-1baca6d58d0e,Wordfence,wfCBLBypass,Corrected,Wordfence,wfCBLBypass,Retention period,Use the published persistent lifetime.,https://www.wordfence.com/cookies-notice/ ; https://plugins.svn.wordpress.org/wordfence/trunk/lib/wordfenceClass.php
58e8a36d-0253-435f-8e02-c6577645c9a5,Wordfence,wfwaf-authcookie-,Corrected,Wordfence,wfwaf-authcookie-,Retention period,"Wordfence publishes a persistent 12-hour lifetime, renewed for users still signed in.",https://www.wordfence.com/cookies-notice/ ; https://plugins.svn.wordpress.org/wordfence/trunk/lib/wordfenceClass.php
60de7134-8be0-4768-aeb8-ee6665b73303,Zendesk,__storejs__,Corrected,Zendesk,__storejs__,Description; Retention period,A local-storage capability test is not documented as a persistent cookie.,https://support.zendesk.com/hc/en-us/articles/4408824378650-Zendesk-In-Product-Cookie-Policy
6fe2499e-a6a3-460a-9617-236be25b4fdf,Zendesk,__zlcstore,Corrected,Zendesk,__zlcstore,Description,Identify the documented local storage mechanism.,https://support.zendesk.com/hc/en-us/articles/4408824378650-Zendesk-In-Product-Cookie-Policy
bc01fab4-6fc3-410f-9649-b17fab781e1f,Zendesk,_zendesk_login_session,Verified unchanged,Zendesk,_zendesk_login_session,,"Name, purpose, category, domain scope, retention and wildcard checked against the cited source.",https://support.zendesk.com/hc/en-us/articles/4408824378650-Zendesk-In-Product-Cookie-Policy
67b75b8f-f7cc-4152-8cae-778c2bbc6d8c,Zendesk,_zendesk_oidc_state,Verified unchanged,Zendesk,_zendesk_oidc_state,,"Name, purpose, category, domain scope, retention and wildcard checked against the cited source.",https://support.zendesk.com/hc/en-us/articles/4408824378650-Zendesk-In-Product-Cookie-Policy
ca5e4726-660b-49f2-9067-196498de9419,Zendesk,articleVotes,Corrected,Zendesk,articleVotes,Description; Retention period,Zendesk documents both session cookies and persistent local storage.,https://support.zendesk.com/hc/en-us/articles/4408824378650-Zendesk-In-Product-Cookie-Policy
da1c18f8-221e-4ca0-8988-fe81246c9ed9,Zendesk,GUIDE_REQUESTS_APP_COLUMN_CONFIG,Corrected,Zendesk,GUIDE_REQUESTS_APP_COLUMN_CONFIG,Description; Retention period,Identify the documented local storage mechanism. Zendesk makes retention dependent on the browser policy.,https://support.zendesk.com/hc/en-us/articles/4408824378650-Zendesk-In-Product-Cookie-Policy
ec06d6ec-7b1d-4f28-8673-eadc89c4cbf3,Zendesk,hc:,Corrected,Zendesk,hc:,Category; Description,Identify the documented local storage mechanism. Document the analytics/support distinction from Zendesk's policy.,https://support.zendesk.com/hc/en-us/articles/4408824378650-Zendesk-In-Product-Cookie-Policy
52569628-f76f-4b8b-b77b-aa13172b2951,Zendesk,isSoundToggleOn,Corrected,Zendesk,isSoundToggleOn,Description,Identify the documented local storage mechanism.,https://support.zendesk.com/hc/en-us/articles/4408824378650-Zendesk-In-Product-Cookie-Policy
40915a05-d261-4916-be6d-c18853d9ee0e,Zendesk,lastReadMessageId_,Corrected,Zendesk,lastReadMessageId_,Description,Identify the documented local storage mechanism.,https://support.zendesk.com/hc/en-us/articles/4408824378650-Zendesk-In-Product-Cookie-Policy
0fb03936-c6db-4cbc-827d-3812ccc4ae21,Zendesk,ob-,Verified unchanged,Zendesk,ob-,,"Name, purpose, category, domain scope, retention and wildcard checked against the cited source.",https://support.zendesk.com/hc/en-us/articles/4408824378650-Zendesk-In-Product-Cookie-Policy
5c353abb-e5b3-49ac-8c88-cdc3685865a5,Zendesk,platformConversationId_,Corrected,Zendesk,platformConversationId_,Description,Identify the documented local storage mechanism.,https://support.zendesk.com/hc/en-us/articles/4408824378650-Zendesk-In-Product-Cookie-Policy
5229daa5-ca56-433a-a8cd-c0da45a1476e,Zendesk,request_method,Corrected,Zendesk,request_method,Description,Identify the documented local storage mechanism.,https://support.zendesk.com/hc/en-us/articles/4408824378650-Zendesk-In-Product-Cookie-Policy
f4123673-f502-4f40-8bec-62a64187c4c8,Zendesk,support:,Corrected,Zendesk,support:,Description,Identify the documented local storage mechanism.,https://support.zendesk.com/hc/en-us/articles/4408824378650-Zendesk-In-Product-Cookie-Policy
61b7074c-2065-4576-9a67-fa0b1f8e33d2,Zendesk,ZD-bannerDismissed,Corrected,Zendesk,ZD-bannerDismissed,Description; Retention period,Identify the documented local storage mechanism. Zendesk makes retention dependent on the browser policy. The documented banner specifically concerns Internet Explorer 11 support.,https://support.zendesk.com/hc/en-us/articles/4408824378650-Zendesk-In-Product-Cookie-Policy
5fd408cb-d688-47b8-b7f0-4f60bc927289,Zendesk,ZD-campaigns,Corrected,Zendesk,ZD-campaigns,Description; Retention period,Identify the documented local storage mechanism. Zendesk makes retention dependent on the browser policy.,https://support.zendesk.com/hc/en-us/articles/4408824378650-Zendesk-In-Product-Cookie-Policy
41023b5e-262c-4329-a929-3de4e1ecbb94,Zendesk,ZD-sendApiBlips,Corrected,Zendesk,ZD-sendApiBlips,Retention period,Zendesk makes retention dependent on the browser policy.,https://support.zendesk.com/hc/en-us/articles/4408824378650-Zendesk-In-Product-Cookie-Policy
c3112064-d320-43a2-a84d-554c954108c5,Zendesk,ZD-soundNotificationDisabledKey,Corrected,Zendesk,ZD-soundNotificationDisabledKey,Description; Retention period,Identify the documented local storage mechanism. Zendesk makes retention dependent on the browser policy.,https://support.zendesk.com/hc/en-us/articles/4408824378650-Zendesk-In-Product-Cookie-Policy
95ff3768-5a65-4fa9-b2d6-cf980499e075,Clerk,__session,Corrected,Clerk,__session,Description; Retention period; Wildcard match,Distinguish the one-year browser cookie expiry from the short-lived JWT; include suffixed instances.,https://clerk.com/docs/guides/development/sdk-development/terminology ; https://clerk.com/docs/guides/how-clerk-works/overview ; https://github.com/clerk/javascript/blob/4ff463adf9f287918d902daefa7828790a066d04/packages/clerk-js/src/core/auth/cookies/session.ts
9a81f963-37d4-40d8-85db-a7bedb69e524,Clerk,__client_uat,Corrected,Clerk,__client_uat,Description; Retention period; Wildcard match,UAT means Updated At; the application session cookie is not HttpOnly. Source sets a one-year client-side expiration.,https://clerk.com/docs/guides/development/sdk-development/terminology ; https://clerk.com/docs/guides/how-clerk-works/overview ; https://github.com/clerk/javascript/blob/4ff463adf9f287918d902daefa7828790a066d04/packages/clerk-js/src/core/auth/cookies/clientUat.ts
b2e6d45e-a559-4cab-9f68-fcb792ef4632,Clerk,__client,Corrected,Clerk,__client,Description; Retention period,Clerk identifies a long-lived HttpOnly client token but does not publish a universal cookie expiry.,https://clerk.com/docs/guides/development/sdk-development/terminology ; https://clerk.com/docs/guides/how-clerk-works/overview
e655670c-73b2-415a-a840-fdd95545ef06,Clerk,__clerk_db_jwt,Corrected,Clerk,__clerk_db_jwt,Description; Retention period; Wildcard match,ClerkJS sets this development cookie for one year and also writes instance-suffixed variants.,https://clerk.com/docs/guides/development/sdk-development/terminology ; https://clerk.com/docs/guides/how-clerk-works/overview ; https://github.com/clerk/javascript/blob/4ff463adf9f287918d902daefa7828790a066d04/packages/clerk-js/src/core/auth/cookies/devBrowser.ts
2121dc37-dd50-4488-9b47-d3e75e936d57,NextAuth.js,__Secure-next-auth.session-token,Corrected,NextAuth.js,__Secure-next-auth.session-token,Description; Retention period; Wildcard match,Default authentication sessions last 30 days and can use database tokens or JWTs; cookies can be chunked.,https://next-auth.js.org/configuration/options ; https://github.com/nextauthjs/next-auth/blob/d857eec560fb99c8b18d3b22a2693b849a62d1c3/packages/next-auth/src/core/lib/cookie.ts ; https://github.com/nextauthjs/next-auth/blob/d857eec560fb99c8b18d3b22a2693b849a62d1c3/packages/next-auth/src/core/lib/oauth/checks.ts
150279ca-79dd-43fd-82a6-e3a57e3645c1,NextAuth.js,__Secure-next-auth.pkce.code_verifier,Verified unchanged,NextAuth.js,__Secure-next-auth.pkce.code_verifier,,"Name, purpose, category, domain scope, retention and wildcard checked against the cited source.",https://next-auth.js.org/configuration/options ; https://github.com/nextauthjs/next-auth/blob/d857eec560fb99c8b18d3b22a2693b849a62d1c3/packages/next-auth/src/core/lib/cookie.ts ; https://github.com/nextauthjs/next-auth/blob/d857eec560fb99c8b18d3b22a2693b849a62d1c3/packages/next-auth/src/core/lib/oauth/checks.ts
16ee6a21-50eb-4008-83a0-9da1c27e7f18,NextAuth.js,__Secure-next-auth.state,Verified unchanged,NextAuth.js,__Secure-next-auth.state,,"Name, purpose, category, domain scope, retention and wildcard checked against the cited source.",https://next-auth.js.org/configuration/options ; https://github.com/nextauthjs/next-auth/blob/d857eec560fb99c8b18d3b22a2693b849a62d1c3/packages/next-auth/src/core/lib/cookie.ts ; https://github.com/nextauthjs/next-auth/blob/d857eec560fb99c8b18d3b22a2693b849a62d1c3/packages/next-auth/src/core/lib/oauth/checks.ts
c4e383f1-de61-45fe-85b3-269bd0207d5b,NextAuth.js,__Secure-next-auth.nonce,Corrected,NextAuth.js,__Secure-next-auth.nonce,Retention period,The nonce creation code sets a 15-minute expiry.,https://next-auth.js.org/configuration/options ; https://github.com/nextauthjs/next-auth/blob/d857eec560fb99c8b18d3b22a2693b849a62d1c3/packages/next-auth/src/core/lib/cookie.ts ; https://github.com/nextauthjs/next-auth/blob/d857eec560fb99c8b18d3b22a2693b849a62d1c3/packages/next-auth/src/core/lib/oauth/checks.ts
ffe798ff-74cd-4a7b-b607-a85ec7f97dd2,Auth.js,authjs.session-token,Corrected,Auth.js,authjs.session-token,Description; Retention period; Wildcard match,Use the default 30-day session lifetime and include cookie chunks.,https://github.com/nextauthjs/next-auth/blob/a1a16a5a7780488c7449feece410033f445d0b31/packages/core/src/lib/utils/cookie.ts ; https://github.com/nextauthjs/next-auth/blob/a1a16a5a7780488c7449feece410033f445d0b31/packages/core/src/lib/init.ts ; https://github.com/nextauthjs/next-auth/blob/a1a16a5a7780488c7449feece410033f445d0b31/packages/core/src/lib/actions/callback/oauth/checks.ts
4851e36e-5fa0-489d-8fa2-efaf09366293,Auth.js,__Secure-authjs.session-token,Corrected,Auth.js,__Secure-authjs.session-token,Description; Retention period; Wildcard match,Use the default 30-day session lifetime and include cookie chunks.,https://github.com/nextauthjs/next-auth/blob/a1a16a5a7780488c7449feece410033f445d0b31/packages/core/src/lib/utils/cookie.ts ; https://github.com/nextauthjs/next-auth/blob/a1a16a5a7780488c7449feece410033f445d0b31/packages/core/src/lib/init.ts ; https://github.com/nextauthjs/next-auth/blob/a1a16a5a7780488c7449feece410033f445d0b31/packages/core/src/lib/actions/callback/oauth/checks.ts
4bae2e09-8e28-4bc4-955f-b6a7b6dbbb03,Auth.js,authjs.csrf-token,Verified unchanged,Auth.js,authjs.csrf-token,,"Name, purpose, category, domain scope, retention and wildcard checked against the cited source.",https://github.com/nextauthjs/next-auth/blob/a1a16a5a7780488c7449feece410033f445d0b31/packages/core/src/lib/utils/cookie.ts ; https://github.com/nextauthjs/next-auth/blob/a1a16a5a7780488c7449feece410033f445d0b31/packages/core/src/lib/init.ts ; https://github.com/nextauthjs/next-auth/blob/a1a16a5a7780488c7449feece410033f445d0b31/packages/core/src/lib/actions/callback/oauth/checks.ts
219164bb-0680-4ccc-b21b-d6177da4763c,Auth.js,__Host-authjs.csrf-token,Verified unchanged,Auth.js,__Host-authjs.csrf-token,,"Name, purpose, category, domain scope, retention and wildcard checked against the cited source.",https://github.com/nextauthjs/next-auth/blob/a1a16a5a7780488c7449feece410033f445d0b31/packages/core/src/lib/utils/cookie.ts ; https://github.com/nextauthjs/next-auth/blob/a1a16a5a7780488c7449feece410033f445d0b31/packages/core/src/lib/init.ts ; https://github.com/nextauthjs/next-auth/blob/a1a16a5a7780488c7449feece410033f445d0b31/packages/core/src/lib/actions/callback/oauth/checks.ts
36c29855-5e48-423b-91d9-d4f4224b8e96,Auth.js,authjs.callback-url,Verified unchanged,Auth.js,authjs.callback-url,,"Name, purpose, category, domain scope, retention and wildcard checked against the cited source.",https://github.com/nextauthjs/next-auth/blob/a1a16a5a7780488c7449feece410033f445d0b31/packages/core/src/lib/utils/cookie.ts ; https://github.com/nextauthjs/next-auth/blob/a1a16a5a7780488c7449feece410033f445d0b31/packages/core/src/lib/init.ts ; https://github.com/nextauthjs/next-auth/blob/a1a16a5a7780488c7449feece410033f445d0b31/packages/core/src/lib/actions/callback/oauth/checks.ts
6e088e73-56c1-4e7a-bd9a-657bfb56ce3c,Auth.js,authjs.pkce.code_verifier,Verified unchanged,Auth.js,authjs.pkce.code_verifier,,"Name, purpose, category, domain scope, retention and wildcard checked against the cited source.",https://github.com/nextauthjs/next-auth/blob/a1a16a5a7780488c7449feece410033f445d0b31/packages/core/src/lib/utils/cookie.ts ; https://github.com/nextauthjs/next-auth/blob/a1a16a5a7780488c7449feece410033f445d0b31/packages/core/src/lib/init.ts ; https://github.com/nextauthjs/next-auth/blob/a1a16a5a7780488c7449feece410033f445d0b31/packages/core/src/lib/actions/callback/oauth/checks.ts
218218d8-e9f0-4764-8ca1-89590b882c60,Auth.js,authjs.state,Verified unchanged,Auth.js,authjs.state,,"Name, purpose, category, domain scope, retention and wildcard checked against the cited source.",https://github.com/nextauthjs/next-auth/blob/a1a16a5a7780488c7449feece410033f445d0b31/packages/core/src/lib/utils/cookie.ts ; https://github.com/nextauthjs/next-auth/blob/a1a16a5a7780488c7449feece410033f445d0b31/packages/core/src/lib/init.ts ; https://github.com/nextauthjs/next-auth/blob/a1a16a5a7780488c7449feece410033f445d0b31/packages/core/src/lib/actions/callback/oauth/checks.ts
e3a712ad-e840-43d8-99f6-579763323495,Auth.js,authjs.nonce,Corrected,Auth.js,authjs.nonce,Retention period,Auth.js sealCookie assigns the nonce a 15-minute expiry.,https://github.com/nextauthjs/next-auth/blob/a1a16a5a7780488c7449feece410033f445d0b31/packages/core/src/lib/utils/cookie.ts ; https://github.com/nextauthjs/next-auth/blob/a1a16a5a7780488c7449feece410033f445d0b31/packages/core/src/lib/init.ts ; https://github.com/nextauthjs/next-auth/blob/a1a16a5a7780488c7449feece410033f445d0b31/packages/core/src/lib/actions/callback/oauth/checks.ts
